n_pairs,mean_naive,mean_live,paired_mean_diff_naive_minus_live,standardized_diff,pearson,spearman,mae,p90_abs_change,median_abs_change,level,metric,n_naive_only,n_naive_valued,n_live_valued,n_teams,rank_spearman,max_abs_rank_shift,median_abs_rank_shift,teams_with_rank_change
56614,6.613551193398447,6.906164246162448,-0.29261305276399985,-0.17983531276457018,0.9190676139660852,0.8935378252177356,0.31780972353719206,1.1797121949658371,0.0,possession,M1,51.0,56665.0,56614.0,,,,,
56614,484.85552982204814,481.3477981087841,3.5077317132640844,0.02088905299558256,0.9138374064403739,0.9389290093556402,29.888032450262447,99.9716364827516,0.0,possession,M2,51.0,56665.0,56614.0,,,,,
56614,14.940306899589405,14.846202877188443,0.09410402240096508,0.03518430973656568,0.9107731462337156,0.9218425723228634,0.5159222507279412,1.8317668099490105,0.0,possession,M3,51.0,56665.0,56614.0,,,,,
602,6.606612682943158,6.900957354037701,-0.29434467109454493,-0.9737926326005071,0.953781814950909,0.9516179116798471,0.29434467109454493,0.41384596402695,0.2873959917280797,game_team,M1,,,,,,,,
602,484.43199239975706,480.9455493070072,3.4864430927498837,0.10241332465849409,0.9636441920788558,0.9626033326108581,7.565308016053363,15.964372442414733,6.096612412911327,game_team,M2,,,,,,,,
602,14.933220648916224,14.839206411396608,0.09401423751961811,0.1720488085065115,0.9604821769854263,0.9600183173771335,0.14176172738182555,0.2954512708956816,0.11538011914611346,game_team,M3,,,,,,,,
30,6.607066206919051,6.902957544775105,-0.2958913378560543,-1.4805272798363553,0.9856300624549018,0.9692992213570634,0.2958913378560543,0.3344081793443713,0.2986420405329815,team_season,M1,,,,30.0,0.9692992213570634,5.0,1.0,21.0
30,486.3366865761747,482.88943994242777,3.4472466337468726,0.1751985389664699,0.9900366902251438,0.9795328142380423,3.6432801305856497,7.1895869767387985,3.085154391575429,team_season,M2,,,,30.0,0.9795328142380423,4.0,1.0,23.0
30,14.957539270476799,14.863514502054331,0.09402476842246935,0.3547887905361574,0.9788455361781561,0.9777530589543939,0.09402476842246935,0.18462367081686964,0.08203492099316545,team_season,M3,,,,30.0,0.9777530589543939,5.0,1.0,25.0
