sample,axis,quartile,n,mean_hull_sqft,efg,share_3pt,corrected_hull_mean,corrected_hull_median
S_intersection,naive,Q1,6544,292.22428788141525,0.48479523227383864,0.16305012224938875,,
S_intersection,naive,Q2,6544,432.5624110923632,0.5315556234718827,0.18780562347188265,,
S_intersection,naive,Q3,6544,539.3661687742335,0.5472188264058679,0.21546454767726161,,
S_intersection,naive,Q4,6545,727.8574980765712,0.5766233766233766,0.3009931245225363,,
S_intersection,corrected,Q1,6544,298.64417508644647,0.5460727383863081,0.18505501222493886,,
S_intersection,corrected,Q2,6544,461.594039711216,0.5153575794621027,0.20308679706601468,,
S_intersection,corrected,Q3,6544,584.1192669778096,0.5298746943765281,0.22203545232273839,,
S_intersection,corrected,Q4,6545,828.7473849364843,0.5488922841864018,0.2571428571428571,,
S_intersection_fixed_naive_rank,naive_groups,Q1,6544,292.22428788141525,0.48479523227383864,0.16305012224938875,493.62306630865436,474.9066187373033
S_intersection_fixed_naive_rank,naive_groups,Q2,6544,432.5624110923632,0.5315556234718827,0.18780562347188265,526.7972514202942,507.75530953265036
S_intersection_fixed_naive_rank,naive_groups,Q3,6544,539.3661687742335,0.5472188264058679,0.21546454767726161,555.7889184244992,536.7378564576984
S_intersection_fixed_naive_rank,naive_groups,Q4,6545,727.8574980765712,0.5766233766233766,0.3009931245225363,596.9310548143343,570.9981946306017
