breakout,level,segments,nonlive_frame_share,frames,live_class_share
period,1,14378,0.12406513685611391,5885086,0.6958547781332591
period,2,14204,0.1426780736016774,5967364,0.662278231484089
period,3,14106,0.14567097608829022,6057116,0.6526300864880192
period,4,13795,0.16421575826975177,6025725,0.6167451975353389
period,5,417,0.19051543426678244,180799,0.5347721822541966
period,6,77,0.2333503662067791,35226,0.37662337662337664
late_game,0,54054,0.13886530343929882,22952004,0.6693861693861693
late_game,1,2923,0.25751347439198474,1199312,0.4088265480670544
follows_made_basket,0,36133,0.1999687637680887,14732891,0.5858079871585531
follows_made_basket,1,20844,0.05839171623705662,9418425,0.7777298023412013
has_free_throw,0,50300,0.14032612575292153,21629080,0.6593041749502982
has_free_throw,1,6677,0.1827549047749695,2522236,0.6312715291298487
has_timeout,0,52500,0.14242019300693629,22384066,0.6656761904761904
has_timeout,1,4477,0.17435733484226906,1767250,0.5427741791378154
has_oob_or_violation,0,54563,0.13960993405359898,22970321,0.6780418965232851
has_oob_or_violation,1,2414,0.24487063874106157,1180995,0.15824357912178957
