interval_class,segments,frames,live_frames,nominal_s,segment_share,frame_share,nominal_duration_share,nonlive_frame_share_within_class
LIVE_CONTINUOUS_PLAY,37378,12587409,12580558,530515.4,0.6237567585608438,0.52118936293161,0.6030626965793753,0.0005442740440070315
FREE_THROW_ADMINISTRATION,6414,4221190,2552865,105494.8,0.10703557839930579,0.17478095189512655,0.11992107781056285,0.39522622767513427
TIMEOUT,1970,1078483,780198,36602.5,0.03287497496829317,0.04465524777200547,0.04160784465737768,0.2765783048967856
SUBSTITUTION_OR_ADMINISTRATION,3671,2359309,1819188,75605.8,0.061260930511981844,0.09768863112883787,0.0859447956176973,0.22893186098132967
MADE_BASKET_DEAD_BALL,1832,971615,782106,31791.8,0.030572057940057407,0.04023031291545355,0.036139287638232896,0.1950453626179094
OUT_OF_BOUNDS_OR_INBOUND_SETUP,2485,1294382,961262,39749.8,0.041469194312796206,0.05359467782211123,0.045185533872326517,0.2573583378013601
PERIOD_BOUNDARY,736,190506,144807,5964.2,0.012282224150590748,0.007888017365182088,0.006779796656117258,0.23988220843438002
SEGMENTATION_ARTIFACT,2254,76951,66749,2967.8999999999996,0.037614311461184165,0.0031862031866089617,0.003373756496376783,0.1325778742316539
AMBIGUOUS,3184,1371471,967507,51009.7,0.05313396969494693,0.05678659498306428,0.05798521067193329,0.2945479707554881
