stratum,level,n_validated,lead_median,lead_mean,lead_IQR_low,lead_IQR_high,n_all_games,validated_share
month,01,103,4.0,4.121359223300971,3.5,4.5,152.0,0.6776315789473685
month,10,25,4.0,4.38,3.5,5.0,34.0,0.7352941176470589
month,11,149,4.0,4.268456375838926,3.5,5.0,220.0,0.6772727272727272
month,12,160,4.0,4.053125,3.5,4.625,226.0,0.7079646017699115
home_team,ATL,13,4.0,3.8461538461538463,3.5,4.0,21.0,0.6190476190476191
home_team,BKN,14,4.0,4.0,4.0,4.5,23.0,0.6086956521739131
home_team,BOS,14,4.0,3.6785714285714284,3.0,4.0,22.0,0.6363636363636364
home_team,CHA,17,4.5,4.647058823529412,4.0,5.0,23.0,0.7391304347826086
home_team,CHI,18,4.0,4.0,3.5,4.375,24.0,0.75
home_team,CLE,12,5.25,5.291666666666667,4.5,6.0,17.0,0.7058823529411765
home_team,DAL,17,3.0,3.1470588235294117,2.5,3.5,21.0,0.8095238095238095
home_team,DEN,13,5.0,5.115384615384615,5.0,5.5,22.0,0.5909090909090909
home_team,DET,17,6.0,6.0588235294117645,5.5,6.5,20.0,0.85
home_team,GSW,10,4.75,4.6,3.75,5.0,20.0,0.5
home_team,HOU,18,3.5,3.638888888888889,3.5,4.0,24.0,0.75
home_team,IND,14,3.5,3.5357142857142856,2.625,4.0,19.0,0.7368421052631579
home_team,LAC,8,5.25,5.3125,4.875,5.625,19.0,0.42105263157894735
home_team,LAL,16,5.0,5.125,4.5,6.0,19.0,0.8421052631578947
home_team,MEM,13,4.0,3.9615384615384617,3.5,4.5,21.0,0.6190476190476191
home_team,MIA,16,4.25,4.375,3.875,5.0,23.0,0.6956521739130435
home_team,MIL,16,4.5,4.625,4.0,5.125,19.0,0.8421052631578947
home_team,MIN,13,3.5,3.3076923076923075,3.0,3.5,23.0,0.5652173913043478
home_team,NOP,15,4.0,4.133333333333334,3.75,4.75,20.0,0.75
home_team,NYK,14,4.0,3.9285714285714284,3.5,4.375,22.0,0.6363636363636364
home_team,OKC,18,3.0,3.2777777777777777,3.0,3.5,25.0,0.72
home_team,ORL,18,3.5,3.5833333333333335,3.0,3.875,22.0,0.8181818181818182
home_team,PHI,8,3.5,3.5625,2.875,4.125,16.0,0.5
home_team,PHX,15,3.5,3.466666666666667,3.0,4.0,21.0,0.7142857142857143
home_team,POR,18,4.0,4.194444444444445,3.5,5.0,21.0,0.8571428571428571
home_team,SAC,18,4.0,4.027777777777778,3.5,4.5,21.0,0.8571428571428571
home_team,SAS,15,4.0,4.233333333333333,3.5,5.0,22.0,0.6818181818181818
home_team,TOR,14,5.0,4.642857142857143,3.625,5.0,20.0,0.7
home_team,UTA,11,4.0,4.045454545454546,3.5,4.25,20.0,0.55
home_team,WAS,14,4.0,4.107142857142857,3.5,4.5,22.0,0.6363636363636364
half,H1,631,4.0,4.086370839936609,3.0,5.0,,
half,H2,631,4.0,4.028526148969889,3.0,5.0,,
half,H2-H1 signed,631,0.0,-0.05784469096671949,-1.0,1.0,,
