game_id,stem,calibrated_lead_s
0021500001,10.27.2015.DET.at.ATL,4.0
0021500002,10.27.2015.CLE.at.CHI,4.0
0021500003,10.27.2015.NOP.at.GSW,5.0
0021500004,10.28.2015.WAS.at.ORL,3.0
0021500007,10.28.2015.UTA.at.DET,6.0
0021500010,10.28.2015.DEN.at.HOU,4.0
0021500012,10.28.2015.NYK.at.MIL,4.5
0021500013,10.28.2015.SAS.at.OKC,3.0
0021500017,10.28.2015.MIN.at.LAL,6.5
0021500018,10.29.2015.MEM.at.IND,3.5
0021500022,10.30.2015.OKC.at.ORL,3.5
0021500024,10.30.2015.TOR.at.BOS,3.0
0021500025,10.30.2015.CHI.at.DET,6.0
0021500028,10.30.2015.BKN.at.SAS,5.5
0021500031,10.30.2015.LAL.at.SAC,5.0
0021500032,10.30.2015.POR.at.PHX,4.0
0021500036,10.31.2015.BKN.at.MEM,4.5
0021500037,10.31.2015.PHX.at.POR,6.0
0021500043,11.01.2015.ORL.at.CHI,4.0
0021500045,11.01.2015.DAL.at.LAL,5.5
0021500047,11.02.2015.MIL.at.BKN,3.5
0021500048,11.02.2015.SAS.at.NYK,4.0
0021500049,11.02.2015.OKC.at.HOU,2.5
0021500050,11.02.2015.POR.at.MIN,3.0
0021500054,11.03.2015.IND.at.DET,5.0
0021500056,11.03.2015.ORL.at.NOP,4.0
0021500057,11.03.2015.TOR.at.DAL,2.0
0021500061,11.04.2015.SAS.at.WAS,3.5
0021500062,11.04.2015.BKN.at.ATL,3.0
0021500063,11.04.2015.NYK.at.CLE,6.5
0021500065,11.04.2015.PHI.at.MIL,5.0
0021500066,11.04.2015.TOR.at.OKC,4.0
0021500070,11.05.2015.OKC.at.CHI,5.5
0021500072,11.05.2015.CHA.at.DAL,2.5
0021500073,11.05.2015.UTA.at.DEN,5.5
0021500074,11.05.2015.MEM.at.POR,5.5
0021500076,11.06.2015.WAS.at.BOS,4.0
0021500078,11.06.2015.PHI.at.CLE,6.0
0021500081,11.06.2015.ATL.at.NOP,4.0
0021500082,11.06.2015.DET.at.PHX,4.5
0021500084,11.06.2015.HOU.at.SAC,4.0
0021500086,11.07.2015.WAS.at.ATL,3.0
0021500088,11.07.2015.NOP.at.DAL,2.0
0021500092,11.07.2015.GSW.at.SAC,3.5
0021500094,11.08.2015.IND.at.CLE,4.5
0021500095,11.08.2015.LAL.at.NYK,4.0
0021500097,11.08.2015.PHX.at.OKC,3.0
0021500101,11.09.2015.MIN.at.ATL,4.5
0021500103,11.09.2015.SAS.at.SAC,3.5
0021500104,11.09.2015.DET.at.GSW,4.5
0021500105,11.09.2015.MEM.at.LAC,5.5
0021500106,11.10.2015.UTA.at.CLE,4.5
0021500110,11.10.2015.BOS.at.MIL,5.5
0021500112,11.10.2015.DAL.at.NOP,4.5
0021500113,11.11.2015.NYK.at.CHA,5.0
0021500114,11.11.2015.LAL.at.ORL,5.0
0021500115,11.11.2015.TOR.at.PHI,4.0
0021500118,11.11.2015.LAC.at.DAL,4.0
0021500119,11.11.2015.BKN.at.HOU,5.0
0021500122,11.11.2015.DET.at.SAC,4.5
0021500123,11.11.2015.SAS.at.POR,6.0
0021500124,11.12.2015.UTA.at.MIA,4.5
0021500131,11.13.2015.NOP.at.TOR,5.0
0021500134,11.13.2015.PHI.at.OKC,3.5
0021500135,11.13.2015.LAL.at.DAL,2.5
0021500136,11.13.2015.HOU.at.DEN,5.0
0021500137,11.13.2015.BKN.at.SAC,4.5
0021500139,11.14.2015.ORL.at.WAS,4.0
0021500141,11.14.2015.CLE.at.MIL,5.5
0021500143,11.14.2015.DEN.at.PHX,3.0
0021500144,11.14.2015.BKN.at.GSW,3.5
0021500146,11.15.2015.MEM.at.MIN,2.5
0021500147,11.15.2015.POR.at.CHA,4.5
0021500149,11.15.2015.BOS.at.OKC,3.5
0021500150,11.15.2015.TOR.at.SAC,4.0
0021500152,11.16.2015.DAL.at.PHI,3.0
0021500153,11.16.2015.IND.at.CHI,4.0
0021500155,11.16.2015.OKC.at.MEM,3.5
0021500156,11.16.2015.POR.at.SAS,5.0
0021500157,11.16.2015.LAL.at.PHX,4.0
0021500158,11.17.2015.MIL.at.WAS,4.5
0021500159,11.17.2015.ATL.at.BKN,4.5
0021500160,11.17.2015.CLE.at.DET,7.5
0021500169,11.18.2015.SAC.at.ATL,3.5
0021500176,11.19.2015.MIL.at.CLE,7.0
0021500177,11.19.2015.GSW.at.LAC,6.5
0021500178,11.20.2015.PHI.at.CHA,4.5
0021500180,11.20.2015.HOU.at.MEM,4.0
0021500182,11.20.2015.SAS.at.NOP,5.5
0021500187,11.20.2015.CHI.at.GSW,6.5
0021500188,11.20.2015.TOR.at.LAL,4.5
0021500191,11.21.2015.ATL.at.CLE,4.0
0021500194,11.21.2015.NYK.at.HOU,4.0
0021500195,11.21.2015.MEM.at.SAS,4.0
0021500198,11.22.2015.PHX.at.NOP,2.5
0021500201,11.22.2015.POR.at.LAL,4.0
0021500202,11.23.2015.SAC.at.CHA,4.0
0021500205,11.23.2015.DET.at.MIL,5.5
0021500208,11.23.2015.OKC.at.UTA,3.5
0021500209,11.24.2015.IND.at.WAS,4.0
0021500211,11.24.2015.DAL.at.MEM,5.0
0021500212,11.24.2015.LAC.at.DEN,4.5
0021500215,11.25.2015.WAS.at.CHA,4.0
0021500217,11.25.2015.PHI.at.BOS,4.0
0021500218,11.25.2015.MIA.at.DET,6.5
0021500219,11.25.2015.CLE.at.TOR,5.0
0021500220,11.25.2015.MEM.at.HOU,3.5
0021500222,11.25.2015.ATL.at.MIN,3.5
0021500223,11.25.2015.BKN.at.OKC,3.5
0021500224,11.25.2015.DAL.at.SAS,4.0
0021500228,11.27.2015.MIL.at.ORL,3.0
0021500229,11.27.2015.WAS.at.BOS,4.0
0021500231,11.27.2015.CHI.at.IND,3.5
0021500233,11.27.2015.ATL.at.MEM,2.5
0021500234,11.27.2015.DET.at.OKC,4.5
0021500236,11.27.2015.GSW.at.PHX,3.0
0021500242,11.28.2015.ATL.at.SAS,3.0
0021500244,11.28.2015.LAL.at.POR,3.5
0021500246,11.29.2015.MIL.at.CHA,4.5
0021500247,11.29.2015.MIN.at.LAC,5.5
0021500248,11.29.2015.DET.at.BKN,4.0
0021500251,11.29.2015.PHI.at.MEM,4.0
0021500254,11.30.2015.HOU.at.DET,6.5
0021500262,12.01.2015.WAS.at.CLE,5.5
0021500264,12.01.2015.PHX.at.BKN,3.0
0021500266,12.01.2015.MEM.at.NOP,3.0
0021500267,12.01.2015.DAL.at.POR,2.5
0021500270,12.02.2015.PHX.at.DET,6.0
0021500272,12.02.2015.TOR.at.ATL,3.5
0021500278,12.03.2015.DEN.at.TOR,3.5
0021500280,12.03.2015.SAS.at.MEM,5.0
0021500281,12.03.2015.IND.at.POR,4.0
0021500283,12.04.2015.BKN.at.NYK,3.5
0021500287,12.04.2015.HOU.at.DAL,2.5
0021500288,12.04.2015.CLE.at.NOP,4.5
0021500289,2016.NBA.Raw.SportVU.Game.Logs12.05.2015.DEN.at.PHI,3.0
0021500290,2016.NBA.Raw.SportVU.Game.Logs12.05.2015.GSW.at.TOR,3.5
0021500291,2016.NBA.Raw.SportVU.Game.Logs12.05.2015.CLE.at.MIA,5.0
0021500294,2016.NBA.Raw.SportVU.Game.Logs12.05.2015.POR.at.MIN,3.5
0021500295,2016.NBA.Raw.SportVU.Game.Logs12.05.2015.NYK.at.MIL,5.5
0021500296,2016.NBA.Raw.SportVU.Game.Logs12.05.2015.BOS.at.SAS,3.5
0021500297,2016.NBA.Raw.SportVU.Game.Logs12.05.2015.IND.at.UTA,4.0
0021500301,12.06.2015.LAL.at.DET,6.5
0021500305,12.07.2015.SAS.at.PHI,4.5
0021500307,12.07.2015.DAL.at.NYK,4.5
0021500309,12.07.2015.PHX.at.CHI,3.0
0021500310,12.07.2015.POR.at.MIL,4.5
0021500311,12.07.2015.LAC.at.MIN,3.0
0021500313,12.08.2015.POR.at.CLE,6.0
0021500314,12.08.2015.GSW.at.IND,2.5
0021500315,12.08.2015.HOU.at.BKN,4.0
0021500316,12.08.2015.OKC.at.MEM,4.0
0021500318,12.08.2015.UTA.at.SAC,4.5
0021500319,12.09.2015.CHI.at.BOS,4.0
0021500320,12.09.2015.MIA.at.CHA,5.5
0021500321,12.09.2015.HOU.at.WAS,4.5
0021500327,12.09.2015.NYK.at.UTA,3.0
0021500328,12.09.2015.ATL.at.DAL,3.0
0021500331,12.10.2015.ATL.at.OKC,4.5
0021500335,12.11.2015.DET.at.PHI,5.0
0021500336,12.11.2015.GSW.at.BOS,3.0
0021500340,12.11.2015.MIN.at.DEN,5.0
0021500341,12.11.2015.OKC.at.UTA,4.5
0021500345,12.12.2015.BOS.at.CHA,4.0
0021500346,12.12.2015.IND.at.DET,5.5
0021500348,12.12.2015.NOP.at.CHI,4.0
0021500349,12.12.2015.LAL.at.HOU,4.0
0021500350,12.12.2015.WAS.at.DAL,3.0
0021500353,12.13.2015.MIN.at.PHX,3.0
0021500354,12.13.2015.MEM.at.MIA,4.0
0021500355,12.13.2015.PHI.at.TOR,6.0
0021500356,12.13.2015.UTA.at.OKC,3.0
0021500357,12.14.2015.TOR.at.IND,2.0
0021500359,12.14.2015.LAC.at.DET,6.0
0021500364,12.14.2015.UTA.at.SAS,5.5
0021500365,12.14.2015.HOU.at.DEN,4.5
0021500366,12.14.2015.NOP.at.POR,3.0
0021500368,12.15.2015.DEN.at.MIN,3.0
0021500370,12.15.2015.MIL.at.LAL,6.0
0021500372,12.16.2015.CHA.at.ORL,3.5
0021500373,12.16.2015.MIA.at.BKN,4.0
0021500378,12.16.2015.POR.at.OKC,3.0
0021500385,12.17.2015.HOU.at.LAL,5.0
0021500388,12.18.2015.NYK.at.PHI,2.5
0021500394,12.18.2015.MEM.at.DAL,4.0
0021500395,12.18.2015.DEN.at.UTA,5.5
0021500397,12.18.2015.MIL.at.GSW,3.5
0021500398,12.19.2015.LAL.at.OKC,2.5
0021500399,12.19.2015.CHA.at.WAS,5.5
0021500408,12.20.2015.SAC.at.TOR,3.5
0021500410,12.21.2015.SAC.at.WAS,3.0
0021500412,12.21.2015.ORL.at.NYK,4.0
0021500414,12.21.2015.BKN.at.CHI,3.0
0021500416,12.21.2015.IND.at.SAS,4.5
0021500422,12.22.2015.LAL.at.DEN,5.0
0021500423,12.23.2015.BOS.at.CHA,5.5
0021500425,12.23.2015.SAC.at.IND,3.0
0021500426,12.23.2015.HOU.at.ORL,3.5
0021500428,12.23.2015.DAL.at.BKN,4.5
0021500430,12.23.2015.PHI.at.MIL,3.5
0021500431,12.23.2015.SAS.at.MIN,4.5
0021500435,12.23.2015.OKC.at.LAL,3.5
0021500438,12.25.2015.CLE.at.GSW,5.5
0021500444,12.26.2015.MIA.at.ORL,4.0
0021500448,12.26.2015.IND.at.MIN,4.0
0021500449,12.26.2015.CHI.at.DAL,3.5
0021500450,12.26.2015.DEN.at.SAS,5.0
0021500451,12.26.2015.PHI.at.PHX,3.5
0021500452,12.26.2015.LAC.at.UTA,3.0
0021500453,12.26.2015.CLE.at.POR,4.0
0021500456,12.27.2015.DEN.at.OKC,3.0
0021500457,12.27.2015.POR.at.SAC,4.5
0021500459,12.28.2015.ATL.at.IND,4.5
0021500462,12.28.2015.BKN.at.MIA,3.5
0021500463,12.28.2015.TOR.at.CHI,3.0
0021500464,12.28.2015.MIL.at.DAL,2.5
0021500466,12.28.2015.CLE.at.PHX,3.0
0021500469,12.29.2015.DET.at.NYK,3.5
0021500471,12.29.2015.MIA.at.MEM,4.0
0021500472,12.29.2015.MIL.at.OKC,3.5
0021500475,12.30.2015.BKN.at.ORL,2.5
0021500476,12.30.2015.LAL.at.BOS,3.0
0021500477,12.30.2015.WAS.at.TOR,5.0
0021500479,12.30.2015.UTA.at.MIN,3.5
0021500480,12.30.2015.GSW.at.DAL,4.0
0021500482,12.30.2015.DEN.at.POR,4.0
0021500483,12.30.2015.PHI.at.SAC,3.5
0021500486,12.31.2015.MIN.at.DET,5.0
0021500487,12.31.2015.LAC.at.NOP,5.0
0021500490,01.01.2016.ORL.at.WAS,4.0
0021500492,01.01.2016.CHA.at.TOR,6.0
0021500493,01.01.2016.NYK.at.CHI,4.5
0021500496,01.02.2016.PHX.at.SAC,4.0
0021500497,01.02.2016.OKC.at.CHA,5.0
0021500498,01.02.2016.DET.at.IND,2.5
0021500500,01.02.2016.MIL.at.MIN,4.0
0021500501,01.02.2016.NOP.at.DAL,3.5
0021500505,01.02.2016.PHI.at.LAC,4.5
0021500507,01.03.2016.CHI.at.TOR,5.0
0021500508,01.03.2016.MIA.at.WAS,3.5
0021500509,01.03.2016.POR.at.DEN,5.5
0021500510,01.03.2016.PHX.at.LAL,5.0
0021500513,01.04.2016.BOS.at.BKN,4.5
0021500515,01.04.2016.IND.at.MIA,5.5
0021500516,01.04.2016.SAS.at.MIL,4.0
0021500518,01.04.2016.HOU.at.UTA,4.0
0021500519,01.04.2016.MEM.at.POR,3.5
0021500524,01.05.2016.GSW.at.LAL,4.5
0021500526,01.06.2016.IND.at.ORL,3.5
0021500528,01.06.2016.DET.at.BOS,4.0
0021500531,01.06.2016.DAL.at.NOP,4.0
0021500533,01.06.2016.CHA.at.PHX,2.5
0021500537,01.07.2016.BOS.at.CHI,4.5
0021500538,01.07.2016.UTA.at.HOU,4.5
0021500539,01.07.2016.LAL.at.SAC,4.5
0021500542,01.08.2016.DEN.at.MEM,3.5
0021500544,01.08.2016.IND.at.NOP,3.5
0021500545,01.08.2016.DAL.at.MIL,4.0
0021500546,01.08.2016.NYK.at.SAS,4.5
0021500548,01.08.2016.GSW.at.POR,3.5
0021500550,01.09.2016.CHA.at.LAC,6.0
0021500552,01.09.2016.WAS.at.ORL,3.5
0021500553,01.09.2016.BKN.at.DET,5.0
0021500560,01.10.2016.BOS.at.MEM,3.5
0021500561,01.10.2016.IND.at.HOU,3.0
0021500565,01.10.2016.UTA.at.LAL,3.5
0021500569,01.12.2016.PHX.at.IND,2.0
0021500570,01.12.2016.SAS.at.DET,7.0
0021500571,01.12.2016.BOS.at.NYK,4.0
0021500576,01.12.2016.NOP.at.LAL,7.0
0021500577,01.13.2016.ATL.at.CHA,4.5
0021500580,01.13.2016.IND.at.BOS,3.0
0021500581,01.13.2016.MIN.at.HOU,3.5
0021500582,01.13.2016.DAL.at.OKC,2.5
0021500584,01.13.2016.UTA.at.POR,5.0
0021500585,01.13.2016.NOP.at.SAC,3.5
0021500591,01.14.2016.SAC.at.UTA,4.0
0021500593,01.15.2016.WAS.at.IND,4.0
0021500596,01.15.2016.POR.at.BKN,4.0
0021500598,01.15.2016.CHA.at.NOP,4.0
0021500615,01.18.2016.PHI.at.NYK,3.5
0021500617,01.18.2016.POR.at.WAS,3.5
0021500618,01.18.2016.NOP.at.MEM,3.5
0021500619,01.18.2016.CHI.at.DET,6.5
0021500623,01.18.2016.BOS.at.DAL,2.5
0021500624,01.18.2016.HOU.at.LAC,5.0
0021500628,01.19.2016.IND.at.PHX,3.0
0021500632,01.20.2016.UTA.at.NYK,4.5
0021500635,01.20.2016.DET.at.HOU,4.5
0021500636,01.20.2016.CHA.at.OKC,3.0
0021500638,01.20.2016.SAC.at.LAL,5.5
0021500641,01.21.2016.DET.at.NOP,5.0
0021500642,01.21.2016.MEM.at.DEN,4.0
0021500645,01.22.2016.CHA.at.ORL,3.0
0021500646,01.22.2016.CHI.at.BOS,4.0
0021500648,01.22.2016.LAC.at.NYK,3.5
0021500651,01.22.2016.OKC.at.DAL,6.0
0021500655,01.23.2016.NYK.at.CHA,5.0
0021500657,01.23.2016.MIL.at.NOP,4.0
0021500661,01.23.2016.DET.at.DEN,6.0
0021500663,01.23.2016.IND.at.SAC,4.5
